<?xml version = "1.0" encoding = "utf-8"?>
<!DOCTYPE hibernate-mapping PUBLIC 
"-//Hibernate/Hibernate Mapping DTD//EN"
"http://www.hibernate.org/dtd/hibernate-mapping-3.0.dtd"> 

<hibernate-mapping>
   <class name = "model.Vehicle" table = "VEHICLE">
      
      <meta attribute = "class-description">
         This class contains the VEHICLE detail. 
      </meta>
      
      <id name = "id" type = "int" column = "id">
         <generator class="sequence" />
      </id>
      
      <property name = "name" column = "name" type = "string" />
      <property name = "type"  type = "string" />
      <property name="company" /> 
   </class>
</hibernate-mapping>